profile.login,profile.firstName,profile.lastName,profile.email,gender,preferredLanguage,profile.streetAddress,profile.zipCode,profile.city,country,profile.countryCode
ibrabben0@prlog.org,Iosep,Brabben,ibrabben0@prlog.org,Male,Mongolian,7931 Division Point,86983 CEDEX,Futuroscope,France,FR
emorfett1@4shared.com,Eve,Morfett,emorfett1@4shared.com,Female,Lao,871 Sunnyside Avenue,69469 CEDEX 06,Lyon,France,FR
wwaddup2@buzzfeed.com,Werner,Waddup,wwaddup2@buzzfeed.com,Male,English,8 Coleman Lane,69669 CEDEX,Villefranche-sur-Saône,France,FR
cmcleary3@latimes.com,Carline,McLeary,cmcleary3@latimes.com,Female,Hebrew,4 Green Trail,44795,Bochum,Germany,DE
gbrunnstein4@sciencedaily.com,Germain,Brunnstein,gbrunnstein4@sciencedaily.com,Female,Montenegrin,0578 Luster Terrace,40141,Bologna,Italy,IT
bguerner5@dot.gov,Brnaby,Guerner,bguerner5@dot.gov,Polygender,Japanese,0 New Castle Hill,33699 CEDEX,Mérignac,France,FR
kbreckenridge6@vimeo.com,Katerine,Breckenridge,kbreckenridge6@vimeo.com,Female,Malagasy,06 Schiller Way,28114 CEDEX,Lucé,France,FR
ptidder7@psu.edu,Purcell,Tidder,ptidder7@psu.edu,Male,Croatian,4 Del Mar Junction,75485 CEDEX 10,Paris 10,France,FR
shumpherson8@xing.com,Saunders,Humpherson,shumpherson8@xing.com,Male,Ndebele,22878 Bowman Alley,27036 CEDEX,Évreux,France,FR
fkiellor9@tinypic.com,Flossie,Kiellor,fkiellor9@tinypic.com,Non-binary,Marathi,78400 Columbus Place,64044 CEDEX,Pau,France,FR
